/*
insert into nfl_teams values ("ACC");
insert into leagues (league_id, league_name, user_id, dollar_limit, roster_size, password) values
(3, "SAM League practice", 1, 200, 12, "bojangles"),
(4, "SAM League", 1, 200, 12, "qdoba");
insert into positions values ("G"), ("F"), ("C");
*/

insert into players (player_id, player_name, rank, nfl_team_id, position_id) values
(1001, 'Erick Green', 1001, 'ACC', 'G'),
(1002, 'Mason Plumlee', 1002, 'ACC', 'C'),
(1003, 'Reggie Johnson', 1003, 'ACC', 'C'),
(1004, 'Alex Len', 1004, 'ACC', 'C'),
(1005, 'Ryan Anderson', 1005, 'ACC', 'F'),
(1006, 'Akil Mitchell', 1006, 'ACC', 'F'),
(1007, 'Richard Howell', 1007, 'ACC', 'F'),
(1008, 'Jarell Eddie', 1008, 'ACC', 'F'),
(1009, 'Durand Scott', 1009, 'ACC', 'G'),
(1010, 'James Michael McAdoo', 1010, 'ACC', 'F'),
(1011, 'Travis McKie', 1011, 'ACC', 'F'),
(1012, 'Shane Larkin', 1012, 'ACC', 'G'),
(1013, 'CJ Leslie', 1013, 'ACC', 'F'),
(1014, 'Ryan Kelly', 1014, 'ACC', 'F'),
(1015, 'Reggie Bullock', 1015, 'ACC', 'F'),
(1016, 'Joe Harris', 1016, 'ACC', 'F'),
(1017, 'KJ McDaniels', 1017, 'ACC', 'F'),
(1018, 'Lorenzo Brown', 1018, 'ACC', 'G'),
(1019, 'Michael Snaer', 1019, 'ACC', 'G'),
(1020, 'Milton Jennings', 1020, 'ACC', 'F'),
(1021, 'Devin Booker', 1021, 'ACC', 'F'),
(1022, 'Dezmine Wells', 1022, 'ACC', 'G'),
(1023, 'Okaro White', 1023, 'ACC', 'F'),
(1024, 'Quinn Cook', 1024, 'ACC', 'G'),
(1025, 'Rasheed Sulaimon', 1025, 'ACC', 'G'),
(1026, 'Kenny Kadji', 1026, 'ACC', 'C'),
(1027, 'Robert Brown', 1027, 'ACC', 'F'),
(1028, 'Seth Curry', 1028, 'ACC', 'G'),
(1029, 'Marcus Georges-Hunt', 1029, 'ACC', 'G'),
(1030, 'TJ Warren', 1030, 'ACC', 'F'),
(1031, 'Nick Faust', 1031, 'ACC', 'G'),
(1032, 'Joe Rahon', 1032, 'ACC', 'G'),
(1033, 'Trey McKinney-Jones', 1033, 'ACC', 'F'),
(1034, 'Olivier Hanlan', 1034, 'ACC', 'G'),
(1035, 'PJ Hairston', 1035, 'ACC', 'F'),
(1036, 'Terrance Shannon', 1036, 'ACC', 'F'),
(1037, 'Robert Carter', 1037, 'ACC', 'C'),
(1038, 'Dexter Strickland', 1038, 'ACC', 'G'),
(1039, 'Darion Atkins', 1039, 'ACC', 'F'),
(1040, 'Brice Johnson', 1040, 'ACC', 'F'),
(1041, 'CJ Harris', 1041, 'ACC', 'G'),
(1042, 'Cadarian Raines', 1042, 'ACC', 'C'),
(1043, 'Kammeon Holsey', 1043, 'ACC', 'F'),
(1044, 'Daniel Miller', 1044, 'ACC', 'C'),
(1045, 'Leslie McDonald', 1045, 'ACC', 'G'),
(1046, 'Mfon Udofia', 1046, 'ACC', 'G'),
(1047, 'Scott Wood', 1047, 'ACC', 'F'),
(1048, 'Rodney Purvis', 1048, 'ACC', 'G'),
(1049, 'James Padgett', 1049, 'ACC', 'F'),
(1050, 'Adonis Filer', 1050, 'ACC', 'G'),
(1051, 'Justin Anderson', 1051, 'ACC', 'F'),
(1052, 'Patrick Heckmann', 1052, 'ACC', 'F'),
(1053, 'Devin Thomas', 1053, 'ACC', 'C'),
(1054, 'Dennis Clifford', 1054, 'ACC', 'C'),
(1055, 'Marcus Paige', 1055, 'ACC', 'G'),
(1056, 'Marshall Wood', 1056, 'ACC', 'F'),
(1057, 'CJ Barksdale', 1057, 'ACC', 'C'),
(1058, 'Codi Miller-McIntyre', 1058, 'ACC', 'G'),
(1059, 'Charles Mitchell', 1059, 'ACC', 'C'),
(1060, 'Rod Hall', 1060, 'ACC', 'G'),
(1061, 'PeShon Howard', 1061, 'ACC', 'G'),
(1062, 'Aaron Roundtree III', 1062, 'ACC', 'F'),
(1063, 'Lonnie Jackson', 1063, 'ACC', 'G'),
(1064, 'Rion Brown', 1064, 'ACC', 'G'),
(1065, 'Ian Miller', 1065, 'ACC', 'G'),
(1066, 'Terry Whisnant II', 1066, 'ACC', 'G'),
(1067, 'Joel James', 1067, 'ACC', 'C'),
(1068, 'Seth Allen', 1068, 'ACC', 'G'),
(1069, 'Damarcus Harrison', 1069, 'ACC', 'G'),
(1070, 'Tyler Cavanaugh', 1070, 'ACC', 'F'),
(1071, 'Evan Nolte', 1071, 'ACC', 'F'),
(1072, 'Brandon Reed', 1072, 'ACC', 'G'),
(1073, 'Shaquille Cleare', 1073, 'ACC', 'C'),
(1074, 'Tyler Thornton', 1074, 'ACC', 'G'),
(1075, 'Andrew Van Nest', 1075, 'ACC', 'C'),
(1076, 'Devon Bookert', 1076, 'ACC', 'F'),
(1077, 'Madison Jones', 1077, 'ACC', 'G'),
(1078, 'Aaron Thomas', 1078, 'ACC', 'F'),
(1079, 'Joey van Zegeren', 1079, 'ACC', 'C'),
(1080, 'Jason Morris', 1080, 'ACC', 'F'),
(1081, 'Arnaud William Adala Moto', 1081, 'ACC', 'F'),
(1082, 'Chase Fischer', 1082, 'ACC', 'G'),
(1083, 'Jontel Evans', 1083, 'ACC', 'G'),
(1084, 'Paul Jesperson', 1084, 'ACC', 'F'),
(1085, 'Bishop Daniels', 1085, 'ACC', 'G'),
(1086, 'Montay Brandon', 1086, 'ACC', 'F'),
(1087, 'Kiel Turpin', 1087, 'ACC', 'C'),
(1088, 'Chris Bolden', 1088, 'ACC', 'G'),
(1089, 'Thomas de Thaey', 1089, 'ACC', 'F'),
(1090, 'Logan Aronhalt', 1090, 'ACC', 'G'),
(1091, 'Julian Gamble', 1091, 'ACC', 'C'),
(1092, 'Teven Jones', 1092, 'ACC', 'G'),
(1093, 'J.P. Tokoto', 1093, 'ACC', 'F'),
(1094, 'Erik Swoope', 1094, 'ACC', 'F'),
(1095, 'Mike Tobey', 1095, 'ACC', 'C'),
(1096, 'Jake Layman', 1096, 'ACC', 'F'),
(1097, 'Amile Jefferson', 1097, 'ACC', 'F'),
(1098, 'Eddie Odio', 1098, 'ACC', 'F'),
(1099, 'Boris Bojanovsky', 1099, 'ACC', 'C'),
(1100, 'TJ Sapp', 1100, 'ACC', 'G'),
(1101, 'Jordan Roper', 1101, 'ACC', 'G'),
(1102, 'Will Johnston', 1102, 'ACC', 'F'),
(1103, 'Tyler Lewis', 1103, 'ACC', 'G'),
(1104, 'Josh Hairston', 1104, 'ACC', 'F'),
(1105, 'Desmond Hubert', 1105, 'ACC', 'C'),
(1106, 'Robert Gilchrist', 1106, 'ACC', 'C'),
(1107, 'Todd Zafirovski', 1107, 'ACC', 'C'),
(1108, 'Marquis Rankin', 1108, 'ACC', 'G'),
(1109, 'Jackson Simmons', 1109, 'ACC', 'F'),
(1110, 'Alex Murphy', 1110, 'ACC', 'F'),
(1111, 'Taylor Barnette', 1111, 'ACC', 'G'),
(1112, 'Bernard Sullivan', 1112, 'ACC', 'F'),
(1113, 'Luke Davis', 1113, 'ACC', 'G'),
(1114, 'Landry Nnoko', 1114, 'ACC', 'C'),
(1115, 'Conner Lipinski', 1115, 'ACC', 'G'),
(1116, 'Rafael Portuondo', 1116, 'ACC', 'G'),
(1117, 'Jordan Vandenberg', 1117, 'ACC', 'C'),
(1118, 'Julian Royal', 1118, 'ACC', 'F'),
(1119, 'Danny Rubin', 1119, 'ACC', 'F'),
(1120, 'Christian Beyer', 1120, 'ACC', 'F'),
(1121, 'Michael Ojo', 1121, 'ACC', 'C'),
(1122, 'Staats Battle', 1122, 'ACC', 'F'),
(1123, 'Pierre Jordan', 1123, 'ACC', 'G'),
(1124, 'Joey Moreau', 1124, 'ACC', 'G'),
(1125, 'Chase Cannon', 1125, 'ACC', 'G'),
(1126, 'Doug Browman', 1126, 'ACC', 'F'),
(1127, 'John Auslander', 1127, 'ACC', 'F'),
(1128, 'KC Caudill', 1128, 'ACC', 'C'),
(1129, 'Jay Lewis', 1129, 'ACC', 'G'),
(1130, 'Andre Washington', 1130, 'ACC', 'C'),
(1131, 'Josh Smith', 1131, 'ACC', 'F'),
(1132, 'Drew Jacobs', 1132, 'ACC', 'G'),
(1133, 'Tonye Jekiri', 1133, 'ACC', 'C'),
(1134, 'Spencer Barks', 1134, 'ACC', 'C'),
(1135, 'Joey Racer', 1135, 'ACC', 'G'),
(1136, 'Marcus Patrick', 1136, 'ACC', 'G'),
(1137, 'Jacob Susskind', 1137, 'ACC', 'F'),
(1138, 'James Manor', 1138, 'ACC', 'G'),
(1139, 'Thomas Rogers', 1139, 'ACC', 'F'),
(1140, 'Frank Tanner', 1140, 'ACC', 'G'),
(1141, 'Jevoni Robinson', 1141, 'ACC', 'G'),
(1142, 'Greg Donlon', 1142, 'ACC', 'G'),
(1143, 'Brooks Doyle', 1143, 'ACC', 'F'),
(1144, 'Carson Fields', 1144, 'ACC', 'F'),
(1145, 'Denzel Robinson', 1145, 'ACC', 'G'),
(1146, 'Wade Moody', 1146, 'ACC', 'G'),
(1147, 'Steve Sorenson', 1147, 'ACC', 'G'),
(1148, 'Varum Ram', 1148, 'ACC', 'G'),
(1149, 'Andre Dawkins', 1149, 'ACC', 'G'),
(1150, 'Devin Coleman', 1150, 'ACC', 'G'),
(1151, 'Doug Niedrich', 1151, 'ACC', 'G'),
(1152, 'Justin Miller', 1152, 'ACC', 'G'),
(1153, 'Corey Heyward', 1153, 'ACC', 'G'),
(1154, 'Ralston Turner', 1154, 'ACC', 'G'),
(1155, 'Justin Heller', 1155, 'ACC', 'G'),
(1156, 'Stilman White', 1156, 'ACC', 'G'),
(1157, 'Spencer Jennings', 1157, 'ACC', 'G'),
(1158, 'Jordan Daniels', 1158, 'ACC', 'G'),
(1159, 'Adam Smith', 1159, 'ACC', 'G'),
(1160, 'Anthony Gill', 1160, 'ACC', 'F'),
(1161, 'Stacey Poole', 1161, 'ACC', 'F'),
(1162, 'Garrius Adams', 1162, 'ACC', 'F'),
(1163, 'Alex Dragicevich', 1163, 'ACC', 'F'),
(1164, 'Jason Blossomgame', 1164, 'ACC', 'F'),
(1165, 'John Cain Carney', 1165, 'ACC', 'F'),
(1166, 'Aaron Peek', 1166, 'ACC', 'F'),
(1167, 'Joell Hopkins', 1167, 'ACC', 'F'),
(1168, 'Malcolm Brogdon', 1168, 'ACC', 'F'),
(1169, 'Rodney Hood', 1169, 'ACC', 'F'),
(1170, 'Evan Smotrycz', 1170, 'ACC', 'F'),
(1171, 'Raphael Akpejiori', 1171, 'ACC', 'C'),
(1172, 'Marshall Plumlee', 1172, 'ACC', 'C'),
(1173, 'Daniel Green', 1173, 'ACC', 'C'),
(1174, 'Caid Kirven', 1174, 'ACC', 'F');

insert into player_times (player_id, league_id, auction_end) values
(1001, 3, '2012-12-21 21:00:00'),
(1002, 3, '2012-12-21 21:03:00'),
(1003, 3, '2012-12-21 21:06:00'),
(1004, 3, '2012-12-21 21:09:00'),
(1005, 3, '2012-12-21 21:12:00'),
(1006, 3, '2012-12-21 21:15:00'),
(1007, 3, '2012-12-21 21:18:00'),
(1008, 3, '2012-12-21 21:21:00'),
(1009, 3, '2012-12-21 21:24:00'),
(1010, 3, '2012-12-21 21:27:00'),
(1011, 3, '2012-12-21 21:30:00'),
(1012, 3, '2012-12-21 21:33:00'),
(1013, 3, '2012-12-21 21:36:00'),
(1014, 3, '2012-12-21 21:39:00'),
(1015, 3, '2012-12-21 21:42:00'),
(1016, 3, '2012-12-21 21:45:00'),
(1017, 3, '2012-12-21 21:48:00'),
(1018, 3, '2012-12-21 21:51:00'),
(1019, 3, '2012-12-21 21:54:00'),
(1020, 3, '2012-12-21 21:57:00'),
(1021, 3, '2012-12-21 22:00:00'),
(1022, 3, '2012-12-22 21:00:00'),
(1023, 3, '2012-12-22 21:03:00'),
(1024, 3, '2012-12-22 21:06:00'),
(1025, 3, '2012-12-22 21:09:00'),
(1026, 3, '2012-12-22 21:12:00'),
(1027, 3, '2012-12-22 21:15:00'),
(1028, 3, '2012-12-22 21:18:00'),
(1029, 3, '2012-12-22 21:21:00'),
(1030, 3, '2012-12-22 21:24:00'),
(1031, 3, '2012-12-22 21:27:00'),
(1032, 3, '2012-12-22 21:30:00'),
(1033, 3, '2012-12-22 21:33:00'),
(1034, 3, '2012-12-22 21:36:00'),
(1035, 3, '2012-12-22 21:39:00'),
(1036, 3, '2012-12-22 21:42:00'),
(1037, 3, '2012-12-22 21:45:00'),
(1038, 3, '2012-12-22 21:48:00'),
(1039, 3, '2012-12-22 21:51:00'),
(1040, 3, '2012-12-22 21:54:00'),
(1041, 3, '2012-12-22 21:57:00'),
(1042, 3, '2012-12-22 22:00:00'),
(1043, 3, '2012-12-23 21:00:00'),
(1044, 3, '2012-12-23 21:02:00'),
(1045, 3, '2012-12-23 21:04:00'),
(1046, 3, '2012-12-23 21:06:00'),
(1047, 3, '2012-12-23 21:08:00'),
(1048, 3, '2012-12-23 21:10:00'),
(1049, 3, '2012-12-23 21:12:00'),
(1050, 3, '2012-12-23 21:14:00'),
(1051, 3, '2012-12-23 21:16:00'),
(1052, 3, '2012-12-23 21:18:00'),
(1053, 3, '2012-12-23 21:20:00'),
(1054, 3, '2012-12-23 21:22:00'),
(1055, 3, '2012-12-23 21:24:00'),
(1056, 3, '2012-12-23 21:26:00'),
(1057, 3, '2012-12-23 21:28:00'),
(1058, 3, '2012-12-23 21:30:00'),
(1059, 3, '2012-12-23 21:32:00'),
(1060, 3, '2012-12-23 21:34:00'),
(1061, 3, '2012-12-23 21:36:00'),
(1062, 3, '2012-12-23 21:38:00'),
(1063, 3, '2012-12-23 21:40:00'),
(1064, 3, '2012-12-23 21:42:00'),
(1065, 3, '2012-12-23 21:44:00'),
(1066, 3, '2012-12-23 21:46:00'),
(1067, 3, '2012-12-23 21:48:00'),
(1068, 3, '2012-12-23 21:50:00'),
(1069, 3, '2012-12-23 21:52:00'),
(1070, 3, '2012-12-23 21:54:00'),
(1071, 3, '2012-12-23 21:56:00'),
(1072, 3, '2012-12-23 21:58:00'),
(1073, 3, '2012-12-23 22:00:00'),
(1074, 3, '2012-12-23 22:02:00'),
(1075, 3, '2012-12-23 22:04:00'),
(1076, 3, '2012-12-23 22:06:00'),
(1077, 3, '2012-12-23 22:08:00'),
(1078, 3, '2012-12-23 22:10:00'),
(1079, 3, '2012-12-23 22:12:00'),
(1080, 3, '2012-12-23 22:14:00'),
(1081, 3, '2012-12-23 22:16:00'),
(1082, 3, '2012-12-23 22:18:00'),
(1083, 3, '2012-12-23 22:20:00'),
(1001, 4, '2012-12-26 21:00:00'),
(1002, 4, '2012-12-26 21:03:00'),
(1003, 4, '2012-12-26 21:06:00'),
(1004, 4, '2012-12-26 21:09:00'),
(1005, 4, '2012-12-26 21:12:00'),
(1006, 4, '2012-12-26 21:15:00'),
(1007, 4, '2012-12-26 21:18:00'),
(1008, 4, '2012-12-26 21:21:00'),
(1009, 4, '2012-12-26 21:24:00'),
(1010, 4, '2012-12-26 21:27:00'),
(1011, 4, '2012-12-26 21:30:00'),
(1012, 4, '2012-12-26 21:33:00'),
(1013, 4, '2012-12-26 21:36:00'),
(1014, 4, '2012-12-26 21:39:00'),
(1015, 4, '2012-12-26 21:42:00'),
(1016, 4, '2012-12-26 21:45:00'),
(1017, 4, '2012-12-26 21:48:00'),
(1018, 4, '2012-12-26 21:51:00'),
(1019, 4, '2012-12-26 21:54:00'),
(1020, 4, '2012-12-26 21:57:00'),
(1021, 4, '2012-12-26 22:00:00'),
(1022, 4, '2012-12-27 21:00:00'),
(1023, 4, '2012-12-27 21:03:00'),
(1024, 4, '2012-12-27 21:06:00'),
(1025, 4, '2012-12-27 21:09:00'),
(1026, 4, '2012-12-27 21:12:00'),
(1027, 4, '2012-12-27 21:15:00'),
(1028, 4, '2012-12-27 21:18:00'),
(1029, 4, '2012-12-27 21:21:00'),
(1030, 4, '2012-12-27 21:24:00'),
(1031, 4, '2012-12-27 21:27:00'),
(1032, 4, '2012-12-27 21:30:00'),
(1033, 4, '2012-12-27 21:33:00'),
(1034, 4, '2012-12-27 21:36:00'),
(1035, 4, '2012-12-27 21:39:00'),
(1036, 4, '2012-12-27 21:42:00'),
(1037, 4, '2012-12-27 21:45:00'),
(1038, 4, '2012-12-27 21:48:00'),
(1039, 4, '2012-12-27 21:51:00'),
(1040, 4, '2012-12-27 21:54:00'),
(1041, 4, '2012-12-27 21:57:00'),
(1042, 4, '2012-12-27 22:00:00'),
(1043, 4, '2012-12-28 21:00:00'),
(1044, 4, '2012-12-28 21:02:00'),
(1045, 4, '2012-12-28 21:04:00'),
(1046, 4, '2012-12-28 21:06:00'),
(1047, 4, '2012-12-28 21:08:00'),
(1048, 4, '2012-12-28 21:10:00'),
(1049, 4, '2012-12-28 21:12:00'),
(1050, 4, '2012-12-28 21:14:00'),
(1051, 4, '2012-12-28 21:16:00'),
(1052, 4, '2012-12-28 21:18:00'),
(1053, 4, '2012-12-28 21:20:00'),
(1054, 4, '2012-12-28 21:22:00'),
(1055, 4, '2012-12-28 21:24:00'),
(1056, 4, '2012-12-28 21:26:00'),
(1057, 4, '2012-12-28 21:28:00'),
(1058, 4, '2012-12-28 21:30:00'),
(1059, 4, '2012-12-28 21:32:00'),
(1060, 4, '2012-12-28 21:34:00'),
(1061, 4, '2012-12-28 21:36:00'),
(1062, 4, '2012-12-28 21:38:00'),
(1063, 4, '2012-12-28 21:40:00'),
(1064, 4, '2012-12-28 21:42:00'),
(1065, 4, '2012-12-28 21:44:00'),
(1066, 4, '2012-12-28 21:46:00'),
(1067, 4, '2012-12-28 21:48:00'),
(1068, 4, '2012-12-28 21:50:00'),
(1069, 4, '2012-12-28 21:52:00'),
(1070, 4, '2012-12-28 21:54:00'),
(1071, 4, '2012-12-28 21:56:00'),
(1072, 4, '2012-12-28 21:58:00'),
(1073, 4, '2012-12-28 22:00:00'),
(1074, 4, '2012-12-28 22:02:00'),
(1075, 4, '2012-12-28 22:04:00'),
(1076, 4, '2012-12-28 22:06:00'),
(1077, 4, '2012-12-28 22:08:00'),
(1078, 4, '2012-12-28 22:10:00'),
(1079, 4, '2012-12-28 22:12:00'),
(1080, 4, '2012-12-28 22:14:00'),
(1081, 4, '2012-12-28 22:16:00'),
(1082, 4, '2012-12-28 22:18:00'),
(1083, 4, '2012-12-28 22:20:00'),
(1084, 4, '2012-12-29 21:00:00'),
(1085, 4, '2012-12-29 21:02:00'),
(1086, 4, '2012-12-29 21:04:00'),
(1087, 4, '2012-12-29 21:06:00'),
(1088, 4, '2012-12-29 21:08:00'),
(1089, 4, '2012-12-29 21:10:00'),
(1090, 4, '2012-12-29 21:12:00'),
(1091, 4, '2012-12-29 21:14:00'),
(1092, 4, '2012-12-29 21:16:00'),
(1093, 4, '2012-12-29 21:18:00'),
(1094, 4, '2012-12-29 21:20:00'),
(1095, 4, '2012-12-29 21:22:00'),
(1096, 4, '2012-12-29 21:24:00'),
(1097, 4, '2012-12-29 21:26:00'),
(1098, 4, '2012-12-29 21:28:00'),
(1099, 4, '2012-12-29 21:30:00'),
(1100, 4, '2012-12-29 21:32:00'),
(1101, 4, '2012-12-29 21:34:00'),
(1102, 4, '2012-12-29 21:36:00'),
(1103, 4, '2012-12-29 21:38:00'),
(1104, 4, '2012-12-29 21:40:00'),
(1105, 4, '2012-12-29 21:42:00'),
(1106, 4, '2012-12-29 21:44:00'),
(1107, 4, '2012-12-29 21:46:00'),
(1108, 4, '2012-12-29 21:48:00'),
(1109, 4, '2012-12-29 21:50:00'),
(1110, 4, '2012-12-29 21:52:00'),
(1111, 4, '2012-12-29 21:54:00'),
(1112, 4, '2012-12-29 21:56:00'),
(1113, 4, '2012-12-29 21:58:00'),
(1114, 4, '2012-12-29 22:00:00'),
(1115, 4, '2012-12-29 22:02:00'),
(1116, 4, '2012-12-29 22:04:00'),
(1117, 4, '2012-12-29 22:06:00'),
(1118, 4, '2012-12-29 22:08:00'),
(1119, 4, '2012-12-29 22:10:00'),
(1120, 4, '2012-12-29 22:12:00'),
(1121, 4, '2012-12-29 22:14:00'),
(1122, 4, '2012-12-29 22:16:00'),
(1123, 4, '2012-12-29 22:18:00'),
(1124, 4, '2012-12-29 22:20:00'),
(1125, 4, '2012-12-30 21:00:00'),
(1126, 4, '2012-12-30 21:02:00'),
(1127, 4, '2012-12-30 21:04:00'),
(1128, 4, '2012-12-30 21:06:00'),
(1129, 4, '2012-12-30 21:08:00'),
(1130, 4, '2012-12-30 21:10:00'),
(1131, 4, '2012-12-30 21:12:00'),
(1132, 4, '2012-12-30 21:14:00'),
(1133, 4, '2012-12-30 21:16:00'),
(1134, 4, '2012-12-30 21:18:00'),
(1135, 4, '2012-12-30 21:20:00'),
(1136, 4, '2012-12-30 21:22:00'),
(1137, 4, '2012-12-30 21:24:00'),
(1138, 4, '2012-12-30 21:26:00'),
(1139, 4, '2012-12-30 21:28:00'),
(1140, 4, '2012-12-30 21:30:00'),
(1141, 4, '2012-12-30 21:32:00'),
(1142, 4, '2012-12-30 21:34:00'),
(1143, 4, '2012-12-30 21:36:00'),
(1144, 4, '2012-12-30 21:38:00'),
(1145, 4, '2012-12-30 21:40:00'),
(1146, 4, '2012-12-30 21:42:00'),
(1147, 4, '2012-12-30 21:44:00'),
(1148, 4, '2012-12-30 21:46:00'),
(1149, 4, '2012-12-30 21:48:00'),
(1150, 4, '2012-12-30 21:50:00'),
(1151, 4, '2012-12-30 21:52:00'),
(1152, 4, '2012-12-30 21:54:00'),
(1153, 4, '2012-12-30 21:56:00'),
(1154, 4, '2012-12-30 21:58:00'),
(1155, 4, '2012-12-30 22:00:00'),
(1156, 4, '2012-12-30 22:02:00'),
(1157, 4, '2012-12-30 22:04:00'),
(1158, 4, '2012-12-30 22:06:00'),
(1159, 4, '2012-12-30 22:08:00'),
(1160, 4, '2012-12-30 22:10:00'),
(1161, 4, '2012-12-30 22:12:00'),
(1162, 4, '2012-12-30 22:14:00'),
(1163, 4, '2012-12-30 22:16:00'),
(1164, 4, '2012-12-30 22:18:00'),
(1165, 4, '2012-12-30 22:20:00'),
(1166, 4, '2012-12-30 22:22:00'),
(1167, 4, '2012-12-30 22:24:00'),
(1168, 4, '2012-12-30 22:26:00'),
(1169, 4, '2012-12-30 22:28:00'),
(1170, 4, '2012-12-30 22:30:00'),
(1171, 4, '2012-12-30 22:32:00'),
(1172, 4, '2012-12-30 22:34:00'),
(1173, 4, '2012-12-30 22:36:00'),
(1174, 4, '2012-12-30 22:38:00');
