insert into nfl_teams values ("Ari"), ("Atl"), ("Bal"), ("Buf"),
("Car"), ("Chi"), ("Cin"), ("Cle"), ("Dal"), ("Den"), ("Det"),
("GB"), ("Hou"), ("Ind"), ("Jac"), ("KC"), ("Mia"), ("Min"),
("NE"), ("NO"), ("NYG"), ("NYJ"), ("Oak"), ("Phi"), ("Pit"),
("SD"), ("Sea"), ("SF"), ("StL"), ("TB"), ("Ten"), ("Was");

insert into positions values
("QB"), ("RB"), ("WR"), ("TE"), ("K"), ("DEF");
/*
insert into players (player_name, rank, nfl_team_id, position_id) values
("Arian Foster", 1, "Hou", "RB"),
("Ray Rice", 2, "Bal", "RB"),
("LeSean McCoy", 3, "Phi", "RB"),
("Ryan Mathews", 4, "SD", "RB"),
("Calvin Johnson", 5, "Det", "WR"),
("Aaron Rodgers", 6, "GB", "QB"),
("Maurice Jones-Drew", 7, "Jac", "RB"),
("Chris Johnson", 8, "Ten", "RB"),
("Larry Fitzgerald", 9, "Ari", "WR"),
("Drew Brees", 10, "NO", "QB"),
("Trent Richardson", 11, "Cle", "RB"),
("Tom Brady", 12, "NE", "QB"),
("Cam Newton", 13, "Car", "QB"),
("Jimmy Graham", 14, "NO", "TE"),
("Darren McFadden", 15, "Oak", "RB"),
("Matthew Stafford", 16, "Det", "QB"),
("Rob Gronkowski", 17, "NE", "TE"),
("Adrian Peterson", 18, "Min", "RB"),
("Roddy White", 19, "Atl", "WR"),
("Matt Forte", 20, "Chi", "RB"),
("Marshawn Lynch", 21, "Sea", "RB"),
("Victor Cruz", 22, "NYG", "WR"),
("Brandon Marshall", 23, "Chi", "WR"),
("DeMarco Murray", 24, "Dal", "RB"),
("Andre Johnson", 25, "Hou", "WR"),
("Greg Jennings", 26, "GB", "WR"),
("Jamaal Charles", 27, "KC", "RB"),
("A.J. Green", 28, "Cin", "WR"),
("Mike Wallace", 29, "Pit", "WR"),
("Hakeem Nicks", 30, "NYG", "WR"),
("Wes Welker", 31, "NE", "WR"),
("Julio Jones", 32, "Atl", "WR"),
("Fred Jackson", 33, "Buf", "RB"),
("Steve Smith", 34, "Car", "WR"),
("Miles Austin", 35, "Dal", "WR"),
("Doug Martin", 36, "TB", "RB"),
("Michael Turner", 37, "Atl", "RB"),
("Demaryius Thomas", 38, "Den", "WR"),
("Steven Jackson", 39, "StL", "RB"),
("Jordy Nelson", 40, "GB", "WR"),
("Jeremy Maclin", 41, "Phi", "WR"),
("Darren Sproles", 42, "NO", "RB"),
("Marques Colston", 43, "NO", "WR"),
("Dez Bryant", 44, "Dal", "WR"),
("Antonio Gates", 45, "SD", "TE"),
("Percy Harvin", 46, "Min", "WR"),
("Kenny Britt", 47, "Ten", "WR"),
("Michael Vick", 48, "Phi", "QB"),
("Dwayne Bowe", 49, "KC", "WR"),
("Brandon Lloyd", 50, "NE", "WR"),
("Aaron Hernandez", 51, "NE", "TE"),
("Ahmad Bradshaw", 52, "NYG", "RB"),
("Reggie Bush", 53, "Mia", "RB"),
("Eli Manning", 54, "NYG", "QB"),
("Peyton Manning", 55, "Den", "QB"),
("Tony Romo", 56, "Dal", "QB"),
("Frank Gore", 57, "SF", "RB"),
("Vernon Davis", 58, "SF", "TE"),
("Philip Rivers", 59, "SD", "QB"),
("Fred Davis", 60, "Was", "TE"),
("Roy Helu", 61, "Was", "RB"),
("Jermichael Finley", 62, "GB", "TE"),
("Vincent Jackson", 63, "TB", "WR"),
("Jay Cutler", 64, "Chi", "QB"),
("Robert Griffin III", 65, "Was", "QB"),
("BenJarvus Green-Ellis", 66, "Cin", "RB"),
("Antonio Brown", 67, "Pit", "WR"),
("Stevie Johnson", 68, "Buf", "WR"),
("Beanie Wells", 69, "Ari", "RB"),
("Jason Witten", 70, "Dal", "TE"),
("DeSean Jackson", 71, "Phi", "WR"),
("Ben Roethlisberger", 72, "Pit", "QB"),
("Jonathan Stewart", 73, "Car", "RB"),
("Eric Decker", 74, "Den", "WR"),
("Shonn Greene", 75, "NYJ", "RB"),
("Matt Ryan", 76, "Atl", "QB"),
("Robert Meachem", 77, "SD", "WR"),
("Isaac Redman", 78, "Pit", "RB"),
("Torrey Smith", 79, "Bal", "WR"),
("Peyton Hillis", 80, "KC", "RB"),
("Willis McGahee", 81, "Den", "RB"),
("Reggie Wayne", 82, "Ind", "WR"),
("Sidney Rice", 83, "Sea", "WR"),
("Jahvid Best", 84, "Det", "RB"),
("DeAngelo Williams", 85, "Car", "RB"),
("Pierre Garcon", 86, "Was", "WR"),
("Santonio Holmes", 87, "NYJ", "WR"),
("Stevan Ridley", 88, "NE", "RB"),
("Darrius Heyward-Bey", 89, "Oak", "WR"),
("Michael Bush", 90, "Chi", "RB"),
("David Wilson", 91, "NYG", "RB"),
("C.J. Spiller", 92, "Buf", "RB"),
("Greg Little", 93, "Cle", "WR"),
("Justin Blackmon", 94, "Jac", "WR"),
("Donald Brown", 95, "Ind", "RB"),
("Denarius Moore", 96, "Oak", "WR"),
("Brandon Pettigrew", 97, "Det", "TE"),
("Mikel LeShoure", 98, "Det", "RB"),
("Mike Williams", 99, "TB", "WR"),
("Tony Gonzalez", 100, "Atl", "TE"),
("Jacob Tamme", 101, "Den", "TE"),
("Anquan Boldin", 102, "Bal", "WR"),
("Mark Ingram", 103, "NO", "RB"),
("Malcom Floyd", 104, "SD", "WR"),
("Pierre Thomas", 105, "NO", "RB"),
("Matt Schaub", 106, "Hou", "QB"),
("Jacquizz Rodgers", 107, "Atl", "RB"),
("Ben Tate", 108, "Hou", "RB"),
("Santana Moss", 109, "Was", "WR"),
("James Starks", 110, "GB", "RB"),
("Ronnie Hillman", 111, "Den", "RB"),
("Lance Moore", 112, "NO", "WR"),
("Tim Hightower", 113, "Was", "RB"),
("Michael Crabtree", 114, "SF", "WR"),
("Carson Palmer", 115, "Oak", "QB"),
("Josh Freeman", 116, "TB", "QB"),
("Andy Dalton", 117, "Cin", "QB"),
("Ryan Williams", 118, "Ari", "RB"),
("LeGarrette Blount", 119, "TB", "RB"),
("Owen Daniels", 120, "Hou", "TE"),
("Jermaine Gresham", 121, "Cin", "TE"),
("Andrew Luck", 122, "Ind", "QB"),
("Brent Celek", 123, "Phi", "TE"),
("Michael Floyd", 124, "Ari", "WR"),
("Mike Tolbert", 125, "Car", "RB"),
("Jared Cook", 126, "Ten", "TE"),
("Toby Gerhart", 127, "Min", "RB"),
("Nate Washington", 128, "Ten", "WR"),
("Coby Fleener", 129, "Ind", "TE"),
("Joe Flacco", 130, "Bal", "QB"),
("Alshon Jeffery", 131, "Chi", "WR"),
("Shane Vereen", 132, "NE", "RB"),
("Laurent Robinson", 133, "Jac", "WR"),
("Doug Baldwin", 134, "Sea", "WR"),
("Nate Burleson", 135, "Det", "WR"),
("Felix Jones", 136, "Dal", "RB"),
("Dustin Keller", 137, "NYJ", "TE"),
("Randy Moss", 138, "SF", "WR"),
("Titus Young", 139, "Det", "WR"),
("Mario Manningham", 140, "SF", "WR"),
("Daniel Thomas", 141, "Mia", "RB"),
("Isaiah Pead", 142, "StL", "RB"),
("Rashard Mendenhall", 143, "Pit", "RB"),
("Davone Bess", 144, "Mia", "WR"),
("Dallas Clark", 146, "TB", "TE"),
("Alex Green", 147, "GB", "RB"),
("LaMichael James", 148, "SF", "RB"),
("Rueben Randle", 149, "NYG", "WR"),
("Ryan Fitzpatrick", 150, "Buf", "QB"),
("Joe McKnight", 151, "NYJ", "RB"),
("Austin Collie", 152, "Ind", "WR"),
("Greg Olsen", 153, "Car", "TE"),
("Joseph Addai", 154, "NE", "RB"),
("Kyle Rudolph", 155, "Min", "TE"),
("Brian Quick", 156, "StL", "WR"),
("Mike Goodson", 157, "Oak", "RB"),
("Kendall Wright", 158, "Ten", "WR"),
("Jacoby Ford", 159, "Oak", "WR"),
("Cedric Benson", 160, "Cin", "RB"),
("Danny Amendola", 161, "StL", "WR"),
("Stephen Hill", 162, "NYJ", "WR"),
("James Jones", 163, "GB", "WR"),
("Jonathan Baldwin", 164, "KC", "WR"),
("Jonathan Dwyer", 165, "Pit", "RB"),
("Vincent Brown", 166, "SD", "WR"),
("Brandon Jacobs", 167, "SF", "RB"),
("Delone Carter", 168, "Ind", "RB"),
("Jerome Simpson", 169, "Min", "WR"),
("Sam Bradford", 170, "StL", "QB"),
("Mark Sanchez", 171, "NYJ", "QB"),
("Earl Bennett", 172, "Chi", "WR"),
("Pittsburgh", 173, "Pit", "DEF"),
("Jake Locker", 174, "Ten", "QB"),
("Bernard Scott", 175, "Cin", "RB"),
("Brian Hartline", 176, "Mia", "WR"),
("Baltimore", 177, "Bal", "DEF"),
("Chicago", 178, "Chi", "DEF"),
("David Nelson", 179, "Buf", "WR"),
("Matt Cassel", 180, "KC", "QB"),
("Devery Henderson", 181, "NO", "WR"),
("Kellen Winslow", 182, "Sea", "TE"),
("Evan Royster", 183, "Was", "RB"),
("Rashad Jennings", 184, "Jac", "RB"),
("Joe Adams", 185, "Car", "WR"),
("Green Bay", 186, "GB", "DEF"),
("Philadelphia", 187, "Phi", "DEF"),
("Mohamed Sanu", 188, "Cin", "WR"),
("Alex Smith", 189, "SF", "QB"),
("Chris Rainey", 190, "Pit", "RB"),
("Kendall Hunter", 191, "SF", "RB"),
("Tony Moeaki", 192, "KC", "TE"),
("Heath Miller", 193, "Pit", "TE"),
("Ed Dickson", 194, "Bal", "TE"),
("Devin Hester", 195, "Chi", "WR"),
("Robert Turbin", 196, "Sea", "RB"),
("Taiwan Jones", 197, "Oak", "RB"),
("Kevin Walter", 198, "Hou", "WR"),
("Emmanuel Sanders", 200, "Pit", "WR"),
("Dexter McCluster", 201, "KC", "RB"),
("Houston", 202, "Hou", "DEF"),
("Deion Branch", 203, "NE", "WR"),
("Josh Morgan", 204, "Was", "WR"),
("Matt Flynn", 205, "Sea", "QB"),
("Christian Ponder", 206, "Min", "QB"),
("Mason Crosby", 207, "GB", "K"),
("Golden Tate", 208, "Sea", "WR"),
("Kevin Smith", 209, "Det", "RB"),
("Montario Hardesty", 210, "Cle", "RB"),
("Chris Polk", 211, "Phi", "RB"),
("Randall Cobb", 212, "GB", "WR"),
("Jordan Shipley", 213, "Cin", "WR"),
("Brandon LaFell", 214, "Car", "WR"),
("Sebastian Janikowski", 215, "Oak", "K"),
("Early Doucet", 216, "Ari", "WR"),
("David Akers", 217, "SF", "K"),
("Dion Lewis", 218, "Phi", "RB"),
("Jabar Gaffney", 219, "NE", "WR"),
("DeVier Posey", 220, "Hou", "WR"),
("Mike Thomas", 221, "Jac", "WR"),
("Stephen Gostkowski", 222, "NE", "K"),
("Leonard Hankerson", 223, "Was", "WR"),
("Martellus Bennett", 224, "NYG", "TE"),
("Mohamed Massaquoi", 225, "Cle", "WR"),
("Plaxico Burress", 226, "NYJ", "WR"),
("Steve Breaston", 227, "KC", "WR"),
("Marcedes Lewis", 228, "Jac", "TE"),
("Dan Bailey", 229, "Dal", "K"),
("Eddie Royal", 230, "SD", "WR"),
("Detroit", 231, "Det", "DEF"),
("New York", 232, "NYJ", "DEF"),
("New England", 233, "NE", "DEF"),
("Tim Tebow", 234, "NYJ", "QB"),
("Christopher Ivory", 235, "NO", "RB"),
("John Kasay", 236, "NO", "K"),
("Chad Henne", 237, "Jac", "QB"),
("Dan Carpenter", 238, "Mia", "K"),
("Neil Rackers", 239, "Was", "K"),
("Mike Nugent", 240, "Cin", "K"),
("Joel Dreessen", 241, "Den", "TE"),
("Todd Heap", 242, "Ari", "TE"),
("Anthony Fasano", 243, "Mia", "TE"),
("Rob Bironas", 244, "Ten", "K"),
("Jake Ballard", 245, "NE", "TE"),
("Johnny Knox", 246, "Chi", "WR"),
("Billy Cundiff", 247, "Bal", "K"),
("Jason Hanson", 248, "Det", "K"),
("Arizona", 249, "Ari", "DEF"),
("Matt Bryant", 250, "Atl", "K"),
("Robbie Gould", 251, "Chi", "K"),
("Jason Hill", 253, "Den", "WR"),
("Kevin Boss", 254, "KC", "TE"),
("Visanthe Shiancoe", 255, "NE", "TE"),
("Nick Novak", 256, "SD", "K"),
("Tony Scheffler", 257, "Det", "TE"),
("Buffalo", 258, "Buf", "DEF"),
("Graham Gano", 259, "Was", "K"),
("New York", 260, "NYG", "DEF"),
("Cincinnati", 262, "Cin", "DEF"),
("Rian Lindell", 263, "Buf", "K"),
("Steven Hauschka", 264, "Sea", "K"),
("Knowshon Moreno", 265, "Den", "RB"),
("Scott Chandler", 266, "Buf", "TE"),
("Benjamin Watson", 267, "Cle", "TE"),
("Atlanta", 269, "Atl", "DEF"),
("Danario Alexander", 270, "StL", "WR"),
("Jerricho Cotchery", 271, "Pit", "WR"),
("Evan Moore", 272, "Cle", "TE"),
("Michael Jenkins", 273, "Min", "WR"),
("Dallas", 274, "Dal", "DEF"),
("Kellen Davis", 275, "Chi", "TE"),
("Ryan Grant", 276, "GB", "RB"),
("Donald Driver", 277, "GB", "WR"),
("Jason Campbell", 279, "Chi", "QB"),
("Shaun Suisham", 280, "Pit", "K"),
("Louis Murphy", 285, "Car", "WR"),
("Damian Williams", 286, "Ten", "WR"),
("Kansas City", 287, "KC", "DEF"),
("Dezmon Briscoe", 290, "Was", "WR"),
("Olindo Mare", 293, "Car", "K"),
("Connor Barth", 294, "TB", "K"),
("Nick Folk", 298, "NYJ", "K"),
("Miami", 302, "Mia", "DEF"),
("Jacksonville", 1684, "Jac", "DEF"),
("Oakland", 1694, "Oak", "DEF"),
("John Skelton", 1698, "Ari", "QB"),
("Rex Grossman", 1702, "Was", "QB"),
("Dennis Pitta", 1703, "Bal", "TE"),
("New Orleans", 1704, "NO", "DEF"),
("Colt McCoy", 1707, "Cle", "QB"),
("Josh Scobee", 1709, "Jac", "K"),
("Adam Vinatieri", 1711, "Ind", "K"),
("Alex Henery", 1712, "Phi", "K"),
("Kahlil Bell", 1714, "Chi", "RB"),
("Phil Dawson", 1715, "Cle", "K"),
("Joshua Cribbs", 1716, "Cle", "WR"),
("Cleveland", 1718, "Cle", "DEF"),
("Kyle Williams", 1719, "SF", "WR"),
("Jason Avant", 1720, "Phi", "WR"),
("Daniel Fells", 1721, "NE", "TE"),
("Jacoby Jones", 1722, "Bal", "WR"),
("Ryan Longwell", 1723, "Min", "K"),
("Ryan Succop", 1724, "KC", "K"),
("Danny Woodhead", 1725, "NE", "RB"),
("Steve Smith", 1726, "StL", "WR"),
("Lawrence Tynes", 1727, "NYG", "K"),
("Denver", 1728, "Den", "DEF"),
("Andre Roberts", 1729, "Ari", "WR"),
("Matt Hasselbeck", 1730, "Ten", "QB"),
("Minnesota", 1733, "Min", "DEF"),
("Arrelious Benn", 1734, "TB", "WR"),
("Jeff King", 1735, "Ari", "TE"),
("Josh Brown", 1737, "NYJ", "K"),
("Mike Williams", 1738, "Sea", "WR"),
("Delanie Walker", 1739, "SF", "TE"),
("Chad Johnson", 1740, "Mia", "WR"),
("Brandon Gibson", 1741, "StL", "WR"),
("John Beck", 1742, "Hou", "QB"),
("Marcel Reece", 1743, "Oak", "RB"),
("Jay Feely", 1744, "Ari", "K"),
("Ben Obomanu", 1745, "Sea", "WR"),
("Chaz Schilens", 1746, "NYJ", "WR"),
("Zach Miller", 1747, "Sea", "TE"),
("Harry Douglas", 1748, "Atl", "WR"),
("Matt Prater", 1749, "Den", "K"),
("Travis Beckum", 1750, "NYG", "TE"),
("Jackie Battle", 1751, "SD", "RB"),
("Greg Salas", 1752, "StL", "WR"),
("Derek Hagan", 1753, "Buf", "WR"),
("Chris Ogbonnaya", 1754, "Cle", "RB"),
("Dane Sanzenbacher", 1755, "Chi", "WR"),
("Donte' Stallworth", 1756, "NE", "WR"),
("Devin Aromashodu", 1757, "Min", "WR"),
("Legedu Naanee", 1758, "Mia", "WR"),
("Chris Cooley", 1759, "Was", "TE"),
("Andre Caldwell", 1760, "Den", "WR"),
("Bo Scaife", 1761, "NE", "TE"),
("Curtis Brinkley", 1762, "SD", "RB"),
("Donald Jones", 1763, "Buf", "WR"),
("Kyle Orton", 1764, "Dal", "QB"),
("Brandon Jackson", 1765, "Cle", "RB"),
("Roscoe Parrish", 1766, "SD", "WR"),
("Craig Stevens", 1767, "Ten", "TE"),
("T.J. Houshmandzadeh", 1768, "Oak", "WR"),
("Lee Evans", 1769, "Jac", "WR"),
("Carolina", 1770, "Car", "DEF"),
("Leonard Pope", 1771, "Pit", "TE"),
("Charles Clay", 1772, "Mia", "RB"),
("Naaman Roosevelt", 1774, "Buf", "WR"),
("Anthony Armstrong", 1775, "Was", "WR"),
("Indianapolis", 1776, "Ind", "DEF"),
("Seyi Ajirotutu", 1777, "Car", "WR"),
("John Carlson", 1778, "Min", "TE"),
("Preston Parker", 1779, "TB", "WR"),
("Lance Kendricks", 1780, "StL", "TE"),
("Michael Hoomanawanui", 1781, "StL", "TE"),
("Chastin West", 1782, "Jac", "WR"),
("Lavelle Hawkins", 1783, "Ten", "WR"),
("Clay Harbor", 1784, "Phi", "TE"),
("Weslye Saunders", 1785, "Pit", "TE"),
("Kevin Kolb", 1786, "Ari", "QB"),
("Matt Spaeth", 1787, "Chi", "TE"),
("Patrick Doyle", 1788, "SD", "TE"),
("Anthony Miller", 1789, "Den", "TE"),
("Nathan Overbay", 1790, "Det", "TE"),
("Brandon Barden", 1791, "Ten", "TE"),
("Orson Charles", 1792, "Cin", "TE"),
("Brian Linthicum", 1793, "NYJ", "TE"),
("Michael Higgins", 1794, "NO", "TE"),
("Kyle Nelson", 1795, "SF", "TE"),
("Aron White", 1796, "Atl", "TE"),
("Kory Sperry", 1797, "SD", "TE"),
("Hayden Smith", 1798, "NYJ", "TE"),
("Logan Brock", 1799, "Hou", "TE"),
("Eric Lair", 1800, "GB", "TE"),
("Kyle Miller", 1801, "Ind", "TE"),
("Gijon Robinson", 1802, "Jac", "TE"),
("Derek Schouman", 1803, "NO", "TE"),
("Jamie Childers", 1804, "StL", "TE"),
("Drake Dunsmore", 1805, "TB", "TE"),
("Brandon Venson", 1806, "Chi", "TE"),
("Sean McGrath", 1807, "Sea", "TE"),
("Tarren Lloyd", 1808, "NYJ", "TE"),
("Lamark Brown", 1809, "Atl", "TE"),
("Cory Harkey", 1810, "StL", "TE"),
("Jake Byrne", 1811, "NO", "TE"),
("Collin Franklin", 1812, "TB", "TE"),
("Taylor Thompson", 1813, "Ten", "TE"),
("Beau Reliford", 1814, "Was", "TE"),
("Fendi Onobun", 1815, "Buf", "TE"),
("Matt Veldman", 1816, "Jac", "TE"),
("Joe Jon Finley", 1817, "Car", "TE"),
("Christian Hopkins", 1818, "NYG", "TE"),
("Clark Harris", 1819, "Cin", "TE"),
("Tommy Gallarda", 1820, "Atl", "TE"),
("Andrew Szczerba", 1821, "Dal", "TE"),
("Will Yeatman", 1822, "Mia", "TE"),
("Nick Guess", 1823, "SD", "TE"),
("Jeff Cumberland", 1824, "NYJ", "TE"),
("Zack Pianalto", 1825, "TB", "TE"),
("Wes Lyons", 1826, "Pit", "TE"),
("Tyler Urban", 1827, "NE", "TE"),
("Chase Ford", 1828, "Phi", "TE"),
("Brett Brackett", 1829, "Phi", "TE"),
("Martin Rucker", 1830, "KC", "TE"),
("Andre Smith", 1831, "Ind", "TE"),
("Cornelius Ingram", 1832, "Den", "TE"),
("Dominique Jones", 1833, "Ind", "TE"),
("Rhett Ellison", 1834, "Min", "TE"),
("Brad Taylor", 1835, "SD", "TE"),
("Brian Jennings", 1836, "SF", "TE"),
("Brad Herman", 1837, "NE", "TE"),
("Cameron Ford", 1838, "GB", "TE"),
("Allen Reisner", 1839, "Min", "TE"),
("Joe Zelenka", 1840, "Atl", "TE"),
("George Bryan", 1841, "Dal", "TE"),
("Steve Maneri", 1842, "KC", "TE"),
("Davon Drew", 1843, "Bal", "TE"),
("Garrett Celek", 1844, "SF", "TE"),
("Cooper Helfet", 1845, "Sea", "TE"),
("Jeron Mastrud", 1846, "Mia", "TE"),
("David Paulson", 1847, "Pit", "TE"),
("Ryan Winterswyk", 1848, "Atl", "TE"),
("John Nalbone", 1849, "Dal", "TE"),
("Deangelo Peterson", 1850, "StL", "TE"),
("Jamie McCoy", 1851, "Pit", "TE"),
("Evan Rodriguez", 1852, "Chi", "TE"),
("Julius Thomas", 1853, "Den", "TE"),
("Adam Nissley", 1854, "Atl", "TE"),
("Brandon Bostick", 1855, "GB", "TE"),
("Larry Donnell", 1856, "NYG", "TE"),
("Beau Brinkley", 1857, "Ten", "TE"),
("Draylen Ross", 1858, "Chi", "TE"),
("Kyle Efaw", 1859, "Oak", "TE"),
("Ladarius Green", 1860, "SD", "TE"),
("Mike McNeill", 1861, "StL", "TE"),
("Bryce Davis", 1862, "Cin", "TE"),
("Alex Gottlieb", 1863, "Det", "TE"),
("DeMarco Cosby", 1864, "StL", "TE"),
("Dwayne Allen", 1865, "Ind", "TE"),
("Les Brown", 1866, "Mia", "TE"),
("Greg Smith", 1867, "Car", "TE"),
("Garrett Graham", 1868, "Hou", "TE"),
("Adrien Robinson", 1869, "NYG", "TE"),
("Daniel Hardy", 1870, "Min", "TE"),
("Ben Hartsock", 1871, "Car", "TE"),
("Phillip Supernaw", 1872, "Hou", "TE"),
("James Hanna", 1873, "Dal", "TE"),
("Ben Guidugli", 1874, "StL", "TE"),
("Chase Coffman", 1875, "TB", "TE"),
("Rob Myers", 1876, "Was", "TE"),
("Austin Wells", 1877, "Det", "TE"),
("Kyle Adams", 1878, "Chi", "TE"),
("Matt Balasavage", 1879, "Bal", "TE"),
("Bruce Figgins", 1880, "Bal", "TE"),
("Steve Skelton", 1881, "Ari", "TE"),
("Martell Webb", 1882, "Ari", "TE"),
("Tory Humphrey", 1883, "Oak", "TE"),
("Cameron Graham", 1884, "Ten", "TE"),
("Kevin Brock", 1885, "Buf", "TE"),
("Konrad Reuland", 1886, "SF", "TE"),
("Nick Melillo", 1887, "NE", "TE"),
("Mickey Shuler", 1888, "Min", "TE"),
("Andre Hardy", 1889, "Oak", "TE"),
("Tim Biere", 1890, "KC", "TE"),
("Danny Noble", 1891, "TB", "TE"),
("Michael Egnew", 1892, "Mia", "TE"),
("Dedrick Epps", 1893, "NYJ", "TE"),
("Zach Miller", 1894, "Jac", "TE"),
("Randy McMichael", 1895, "SD", "TE"),
("Donald Lee", 1896, "Cin", "TE"),
("John Kuhn", 1897, "GB", "RB"),
("Colin Cochart", 1898, "Cin", "TE"),
("Marlon Moore", 1899, "Mia", "WR"),
("Matt Moore", 1900, "Mia", "QB"),
("LaRod Stephens-Howling", 1901, "Ari", "RB"),
("Keiland Williams", 1902, "Det", "RB"),
("Lance Ball", 1903, "Den", "RB"),
("Logan Paulsen", 1904, "Was", "TE"),
("Brad Smith", 1905, "Buf", "WR"),
("Daniel Graham", 1906, "Ten", "TE"),
("David Gettis", 1907, "Car", "WR"),
("Alex Smith", 1908, "Cle", "TE"),
("James Casey", 1909, "Hou", "RB"),
("Dan Gronkowski", 1910, "Cle", "TE"),
("Ryan Purvis", 1911, "NYG", "TE"),
("Brian Robiskie", 1912, "Jac", "WR"),
("Javarris James", 1913, "Ari", "RB"),
("Jason Snelling", 1914, "Atl", "RB"),
("Jim Dray", 1915, "Ari", "TE"),
("Nate Byham", 1916, "SF", "TE"),
("Brad Smelley", 1917, "Cle", "RB"),
("Jordan Norwood", 1918, "Cle", "WR"),
("Richie Brockel", 1919, "Car", "TE"),
("Richard Quinn", 1920, "Was", "TE"),
("Riley Cooper", 1921, "Phi", "WR"),
("Michael Palmer", 1922, "Atl", "TE"),
("Dorin Dickerson", 1923, "Buf", "TE"),
("Nate Kaeding", 1924, "SD", "K"),
("Jerome Harrison", 1925, "Det", "RB"),
("Mike Leach", 1926, "Ari", "TE"),
("Gary Barnidge", 1927, "Car", "TE"),
("Anthony McCoy", 1928, "Sea", "TE"),
("Javon Ringer", 1929, "Ten", "RB"),
("Brandon Stokley", 1930, "Den", "WR"),
("Jeremy Kerley", 1931, "NYJ", "WR"),
("Dante Rosario", 1932, "SD", "TE"),
("Bryant Johnson", 1933, "Hou", "WR"),
("T.Y. Hilton", 1934, "Ind", "WR"),
("Juaquin Iglesias", 1935, "Hou", "WR"),
("Justin Helwege", 1936, "Sea", "WR"),
("Lance Lewis", 1937, "Was", "WR"),
("Wes Kemp", 1938, "Car", "WR"),
("Derek Session", 1939, "Buf", "WR"),
("Dan DePalma", 1940, "NYG", "WR"),
("Michael Calvin", 1941, "Atl", "WR"),
("Kris Durham", 1942, "Sea", "WR"),
("Armahd Lewis", 1943, "TB", "WR"),
("Cameron Kenney", 1944, "Sea", "WR"),
("Chris Forcier", 1945, "Jac", "WR"),
("Lavasier Tuinei", 1946, "Sea", "WR"),
("Marcus Rivers", 1947, "GB", "WR"),
("Mark Dell", 1948, "Den", "WR"),
("Derek Moye", 1949, "NO", "WR"),
("Cole Beasley", 1950, "Dal", "WR"),
("Owen Spencer", 1951, "Cle", "WR"),
("Junior Hemingway", 1952, "KC", "WR"),
("A.J. Love", 1953, "Min", "WR"),
("Domenik Hixon", 1954, "NYG", "WR"),
("Nick Johnson", 1955, "StL", "WR"),
("Justin Hilton", 1956, "Cin", "WR"),
("Keshawn Martin", 1957, "Hou", "WR"),
("Carlton Mitchell", 1958, "Cle", "WR"),
("Greg Childs", 1959, "Min", "WR"),
("Griff Whalen", 1960, "Ind", "WR"),
("Marcus Harris", 1961, "Det", "WR"),
("Jared Karstetter", 1962, "Det", "WR"),
("Jermaine Kearse", 1963, "Sea", "WR"),
("Armon Binns", 1964, "Cin", "WR"),
("Cody Pearcy", 1965, "Atl", "WR"),
("Brian Tyms", 1966, "SF", "WR"),
("B.J. Cunningham", 1967, "Mia", "WR"),
("Jordan White", 1968, "NYJ", "WR"),
("McKay Jacobson", 1969, "Phi", "WR"),
("Royce Adams", 1970, "NYJ", "WR"),
("Brandon Collins", 1971, "NYG", "WR"),
("Gerell Robinson", 1972, "Den", "WR"),
("Josh Bellamy", 1973, "KC", "WR"),
("Jermaine Saffold", 1974, "Cle", "WR"),
("O.J. Murdock", 1975, "Ten", "WR"),
("Michael Avila", 1976, "Car", "WR"),
("Taylor Embree", 1977, "SD", "WR"),
("Greg Orton", 1978, "Den", "WR"),
("Raymond Radway", 1979, "Dal", "WR"),
("DeMarco Sampson", 1980, "Ari", "WR"),
("Derek Carrier", 1981, "Oak", "WR"),
("Brenton Bersin", 1982, "Car", "WR"),
("Rod Windsor", 1983, "Cle", "WR"),
("Anthony Gonzalez", 1984, "NE", "WR"),
("Josh Gordon", 1985, "Cle", "WR"),
("Jarrett Boykin", 1986, "GB", "WR"),
("Rod Streater", 1987, "Oak", "WR"),
("Troy Burrell", 1988, "Det", "WR"),
("Chris Summers", 1989, "Chi", "WR"),
("Kris Adams", 1990, "Ind", "WR"),
("Kashif Moore", 1991, "Cin", "WR"),
("David Douglas", 1992, "NYG", "WR"),
("Curenski Gilleylen", 1993, "GB", "WR"),
("Devin Goda", 1994, "Bal", "WR"),
("James Kirkendoll", 1995, "Ten", "WR"),
("Marvin Jones", 1996, "Cin", "WR"),
("Drew Davis", 1997, "Atl", "WR"),
("Marcus Jackson", 1998, "Atl", "WR"),
("Andre Holmes", 1999, "Dal", "WR"),
("Malcolm Beyah", 2000, "NO", "WR"),
("Rico Wallace", 2001, "Car", "WR"),
("John Matthews", 2002, "SF", "WR"),
("DaMarcus Ganaway", 2003, "NYJ", "WR"),
("Tiger Jones", 2004, "Phi", "WR"),
("LaRon Byrd", 2005, "Ari", "WR"),
("Dexter Jackson", 2006, "NYJ", "WR"),
("Jimmy Young", 2007, "Pit", "WR"),
("Juamorris Stewart", 2008, "Pit", "WR"),
("Kevin Elliott", 2009, "Jac", "WR"),
("Teddy Williams", 2010, "Dal", "WR"),
("Vidal Hazelton", 2011, "Cin", "WR"),
("Wallace Wright", 2012, "TB", "WR"),
("Rishard Matthews", 2013, "Mia", "WR"),
("Nathan Palmer", 2014, "SF", "WR"),
("Travionte Session", 2015, "Oak", "WR"),
("Zeke Markshausen", 2016, "KC", "WR"),
("Joe Hastings", 2017, "SF", "WR"),
("Aldrick Robinson", 2018, "Was", "WR"),
("Phil Bates", 2019, "Sea", "WR"),
("Lance Long", 2020, "Det", "WR"),
("Nick Toon", 2021, "NO", "WR"),
("Darvin Adams", 2022, "Car", "WR"),
("Charles Gilbert", 2023, "Jac", "WR"),
("Terriun Crump", 2024, "Chi", "WR"),
("Landon Cox", 2025, "TB", "WR"),
("Patrick Williams", 2026, "Bal", "WR"),
("Devon Wylie", 2027, "KC", "WR"),
("Kamar Aiken", 2028, "Buf", "WR"),
("T.J. Graham", 2029, "Buf", "WR"),
("Jeremy Ross", 2030, "Ind", "WR"),
("Trindon Holliday", 2031, "Hou", "WR"),
("Ryan Broyles", 2032, "Det", "WR"),
("Deonte Thompson", 2033, "Bal", "WR"),
("Stanley Arukwe", 2034, "Ari", "WR"),
("Darnell Williams", 2035, "Phi", "WR"),
("Ronald Johnson", 2036, "Phi", "WR"),
("Josh Cooper", 2037, "Cle", "WR"),
("Stephen Burton", 2038, "Min", "WR"),
("Tandon Doss", 2039, "Bal", "WR"),
("Derrick Williams", 2040, "Pit", "WR"),
("Chase Deadder", 2041, "Ten", "WR"),
("Damaris Johnson", 2042, "Phi", "WR"),
("Marc Wilson", 2043, "Ari", "WR"),
("Logan Payne", 2044, "Bal", "WR"),
("Tori Gurley", 2045, "GB", "WR"),
("Kevin Hardy", 2046, "NO", "WR"),
("Mario Louis", 2047, "Hou", "WR"),
("Antonio Bryant", 2048, "Sea", "WR"),
("LaVon Brazill", 2049, "Ind", "WR"),
("Bryan Walters", 2050, "Min", "WR"),
("Tyler Shoemaker", 2051, "TB", "WR"),
("Paul Cox", 2052, "SD", "WR"),
("Jamel Hamler", 2053, "Phi", "WR"),
("Connor Dixon", 2054, "Pit", "WR"),
("Kevin Cone", 2055, "Atl", "WR"),
("Elvis Akpla", 2056, "Phi", "WR"),
("Charly Martin", 2057, "Sea", "WR"),
("Isaiah Williams", 2058, "Ari", "WR"),
("Donnie Avery", 2059, "Ind", "WR"),
("LaQuinton Evans", 2060, "Ten", "WR"),
("Chris Hogan", 2061, "Mia", "WR"),
("D'Andre Goodwin", 2062, "Den", "WR"),
("Jeff Maehl", 2063, "Hou", "WR"),
("Rodney Bradley", 2064, "Bal", "WR"),
("Jared Green", 2065, "Car", "WR"),
("Joseph Morgan", 2066, "NO", "WR"),
("Brandon Kinnie", 2067, "KC", "WR"),
("James Rodgers", 2068, "Atl", "WR"),
("Taveon Rogers", 2069, "Cin", "WR"),
("Lamont Bryant", 2070, "Car", "WR"),
("Matt Roark", 2071, "NE", "WR"),
("Aaron Pflugrad", 2072, "Phi", "WR"),
("Luther Ambrose", 2073, "TB", "WR"),
("Gino Crump", 2074, "Ari", "WR"),
("Danny Coale", 2075, "Dal", "WR"),
("Ricardo Lockette", 2076, "Sea", "WR"),
("Donavon Kemp", 2077, "Dal", "WR"),
("Jarred Fayson", 2078, "Ind", "WR"),
("David Gilreath", 2079, "Pit", "WR"),
("A.J. Jenkins", 2080, "SF", "WR"),
("Ed Gant", 2081, "TB", "WR"),
("Tim Toone", 2082, "Atl", "WR"),
("Julian Talley", 2083, "NYG", "WR"),
("Brian Hernandez", 2084, "Was", "WR"),
("Scotty McKnight", 2085, "NYJ", "WR"),
("Aaron Weaver", 2086, "KC", "WR"),
("Brandon Carswell", 2087, "Oak", "WR"),
("Bert Reed", 2088, "Cle", "WR"),
("Kerry Meier", 2089, "Atl", "WR"),
("Jerrell Jackson", 2090, "Hou", "WR"),
("Diondre Borel", 2091, "GB", "WR"),
("Brittan Golden", 2092, "Chi", "WR"),
("Kamar Jorden", 2093, "Min", "WR"),
("Tre Gray", 2094, "Ari", "WR"),
("Mike Brown", 2095, "Jac", "WR"),
("Chris Manno", 2096, "Car", "WR"),
("Kerry Taylor", 2097, "Min", "WR"),
("Taylor Price", 2098, "Jac", "WR"),
("Derrick Woods", 2099, "Ten", "WR"),
("Chris Givens", 2100, "StL", "WR"),
("Hubert Anyiam", 2101, "Car", "WR"),
("Jeff Fuller", 2102, "Mia", "WR"),
("Toney Clemons", 2103, "Pit", "WR"),
("Tyler Grisham", 2104, "Den", "WR"),
("D.J. Woods", 2105, "Ten", "WR"),
("Mike Willie", 2106, "SD", "WR"),
("Marquis Maze", 2107, "Pit", "WR"),
("Thomas Mayo", 2108, "Oak", "WR"),
("Britt Davis", 2109, "NE", "WR"),
("Adrian Arrington", 2110, "NO", "WR"),
("Devin Aguilar", 2111, "Ten", "WR"),
("Tim Benford", 2112, "Dal", "WR"),
("Wallace Miles", 2113, "Det", "WR"),
("Lestar Jean", 2114, "Hou", "WR"),
("Phillip Payne", 2115, "SD", "WR"),
("Kenny Stafford", 2116, "Atl", "WR"),
("Jamar Newsome", 2117, "KC", "WR"),
("Travis Benjamin", 2118, "Cle", "WR"),
("Greg Ellingson", 2119, "TB", "WR"),
("Jeremy Ebert", 2120, "NE", "WR"),
("Nate Hughes", 2121, "Det", "WR"),
("Tommy Streeter", 2122, "Bal", "WR"),
("Nelson Rosario", 2123, "Car", "WR"),
("Tyler Beiler", 2124, "Pit", "WR"),
("Eric Page", 2125, "Den", "WR"),
("Eddie McGee", 2126, "Oak", "WR"),
("Chris Owusu", 2127, "SF", "WR"),
("Marques Clark", 2128, "NO", "WR"),
("Phillip Livas", 2129, "Bal", "WR"),
("Mike Campbell", 2130, "StL", "WR"),
("Dorian Graham", 2131, "Bal", "WR"),
("Michael Preston", 2132, "Ten", "WR"),
("Emmanuel Arceneaux", 2133, "Min", "WR"),
("Darius Hanks", 2134, "Was", "WR"),
("Isaiah Stanback", 2135, "NYG", "WR"),
("Chris Givens", 2136, "NO", "WR"),
("Eron Riley", 2137, "NYJ", "WR"),
("Marcus Easley", 2138, "Buf", "WR"),
("Jarius Wright", 2139, "Min", "WR"),
("Dale Moss", 2140, "GB", "WR"),
("Jason Barnes", 2141, "SD", "WR"),
("Shaky Smithson", 2142, "GB", "WR"),
("Jaymar Johnson", 2143, "Ari", "WR"),
("Dwight Jones", 2144, "Hou", "WR"),
("Raymond Webber", 2145, "NYJ", "WR"),
("Sam Kirkland", 2146, "Was", "WR"),
("Jabin Sambrano", 2147, "Ind", "WR"),
("Saalim Hakim", 2148, "Dal", "WR"),
("Joseph Anderson", 2149, "Chi", "WR"),
("Royce Pollard", 2150, "NYJ", "WR"),
("Ryan Whalen", 2151, "Cin", "WR"),
("Terrence Toliver", 2152, "Det", "WR"),
("Andy Tanner", 2153, "NO", "WR"),
("Marvin McNutt", 2154, "Phi", "WR"),
("Juron Criner", 2155, "Oak", "WR"),
("Patrick Edwards", 2156, "Det", "WR"),
("Jeremy Horne", 2157, "KC", "WR"),
("David Johnson", 2158, "Pit", "TE"),
("Ted Ginn Jr.", 2159, "SF", "WR"),
("Shayne Graham", 2160, "Hou", "K"),
("Colin Cloherty", 2161, "Jac", "TE"),
("David Clowney", 2162, "Buf", "WR"),
("Phillip Tanner", 2163, "Dal", "RB"),
("Bear Pascoe", 2164, "NYG", "TE"),
("John Phillips", 2165, "Dal", "TE"),
("Garrett Hartley", 2166, "NO", "K"),
("Joe Martinek", 2167, "NYG", "RB"),
("Tre'Shawn Robinson", 2168, "Oak", "RB"),
("Derrick Coleman", 2169, "Min", "RB"),
("Antwon Bailey", 2170, "Was", "RB"),
("Bradie Ewing", 2171, "Atl", "RB"),
("Emil Igwenagu", 2172, "Phi", "RB"),
("Anthony Allen", 2173, "Bal", "RB"),
("Stanley Havili", 2174, "Phi", "RB"),
("Bilal Powell", 2175, "NYJ", "RB"),
("Austin Sylvester", 2176, "Den", "RB"),
("Richard Murphy", 2177, "Jac", "RB"),
("Damien Berry", 2178, "Bal", "RB"),
("Aaron Brown", 2179, "Cin", "RB"),
("Jon Hoese", 2180, "GB", "RB"),
("Darrell Scott", 2181, "Dal", "RB"),
("Will Johnson", 2182, "Pit", "RB"),
("Cyrus Gray", 2183, "KC", "RB"),
("Bobby Rainey", 2184, "Bal", "RB"),
("Robbie Frey", 2185, "Atl", "RB"),
("Darren Evans", 2186, "Ind", "RB"),
("Nick Schwieger", 2187, "StL", "RB"),
("Ryan Mahaffey", 2188, "Mia", "RB"),
("Vai Taua", 2189, "Sea", "RB"),
("Will Ta'ufo'ou", 2190, "Jac", "RB"),
("Jorvorskie Lane", 2191, "Mia", "RB"),
("Chase Reynolds", 2192, "StL", "RB"),
("Robert Hughes", 2193, "TB", "RB"),
("Daryl Richardson", 2194, "StL", "RB"),
("Nate Eachus", 2195, "KC", "RB"),
("Tauren Poole", 2196, "Car", "RB"),
("Herb Donaldson", 2197, "Ten", "RB"),
("Harvey Unga", 2198, "Chi", "RB"),
("Michael Smith", 2199, "TB", "RB"),
("Chad Diehl", 2200, "Bal", "RB"),
("Bernard Pierce", 2201, "Bal", "RB"),
("Lonyae Miller", 2202, "Oak", "RB"),
("Edwin Baker", 2203, "SD", "RB"),
("John Clay", 2204, "Pit", "RB"),
("Cameron Bell", 2205, "SF", "RB"),
("Xavier Omon", 2206, "Den", "RB"),
("Vick Ballard", 2207, "Ind", "RB"),
("Terrance Ganaway", 2208, "NYJ", "RB"),
("Javarris Williams", 2209, "Hou", "RB"),
("Antonio Leak", 2210, "TB", "RB"),
("Caleb King", 2211, "Min", "RB"),
("Jason Ford", 2212, "Hou", "RB"),
("Stephfon Green", 2213, "Det", "RB"),
("James Develin", 2214, "Cin", "RB"),
("Travaris Cadet", 2215, "NO", "RB"),
("Lance Dunbar", 2216, "Dal", "RB"),
("Ed Wesley", 2217, "Dal", "RB"),
("Eddie Williams", 2218, "Cle", "RB"),
("Jewel Hampton", 2219, "SF", "RB"),
("Joique Bell", 2220, "Det", "RB"),
("Matt Asiata", 2221, "Min", "RB"),
("Tristan Davis", 2222, "Was", "RB"),
("Jourdan Brooks", 2223, "Cin", "RB"),
("Du'ane Bennett", 2224, "GB", "RB"),
("Michael Hayes", 2225, "SD", "RB"),
("Lee Meisner", 2226, "Atl", "RB"),
("Adonis Thomas", 2227, "Cle", "RB"),
("Collin Mooney", 2228, "Ten", "RB"),
("Jonathan Grimes", 2229, "Hou", "RB"),
("John Griffin", 2230, "NYJ", "RB"),
("Lamar Miller", 2231, "Mia", "RB"),
("Taylor Gentry", 2232, "KC", "RB"),
("Joe Banyard", 2233, "NO", "RB"),
("Shane Bannon", 2234, "KC", "RB"),
("Darryl Whiting", 2235, "Ten", "RB"),
("Brandon Bolden", 2236, "NE", "RB"),
("Armond Smith", 2237, "Car", "RB"),
("Chris Douglas", 2238, "Buf", "RB"),
("Marc Tyler", 2239, "GB", "RB"),
("Alvester Alexander", 2240, "Chi", "RB"),
("Davin Meggett", 2241, "Hou", "RB"),
("Lyndon Rowells", 2242, "Car", "RB"),
("Shaun Draughn", 2243, "KC", "RB"),
("Andre Brown", 2244, "NYG", "RB"),
("Chris Pressley", 2245, "Cin", "RB"),
("Jamize Olawale", 2246, "Dal", "RB"),
("Rashawn Jackson", 2247, "Oak", "RB"),
("Dorson Boyce", 2248, "Was", "RB"),
("Baron Batch", 2249, "Pit", "RB"),
("Mario Fannin", 2250, "Den", "RB"),
("Alfred Morris", 2251, "Was", "RB"),
("Jared Crank", 2252, "Ari", "RB"),
("Chris Taylor", 2253, "NO", "RB"),
("Armando Allen", 2254, "Chi", "RB"),
("Jonas Gray", 2255, "Mia", "RB"),
("De'Anthony Curtis", 2256, "TB", "RB"),
("James Bryant", 2257, "Det", "RB"),
("Marcus Thigpen", 2258, "Mia", "RB"),
("Jordan Todman", 2259, "Min", "RB"),
("Chad Spann", 2260, "Pit", "RB"),
("Fui Vakapuna", 2261, "NYJ", "RB"),
("Rodney Stewart", 2262, "Cin", "RB"),
("Brandon Pendergrass", 2263, "Bal", "RB"),
("Eric Kettani", 2264, "NE", "RB"),
("Cody Johnson", 2265, "TB", "RB"),
("Richard Medlin", 2266, "Mia", "RB"),
("Dan Herron", 2267, "Cin", "RB"),
("Graig Cooper", 2268, "Phi", "RB"),
("Todd Anderson", 2269, "StL", "RB"),
("Princeton McCarty", 2270, "Car", "RB"),
("Nic Cooper", 2271, "GB", "RB"),
("Calvin Middleton", 2272, "StL", "RB"),
("William Powell", 2273, "Ari", "RB"),
("Jerome Messam", 2274, "Mia", "RB"),
("Jeremy Stewart", 2275, "Phi", "RB"),
("Bryce Brown", 2276, "Phi", "RB"),
("Shaun Chapas", 2277, "Dal", "RB"),
("Lennon Creer", 2278, "Was", "RB"),
("Jarett Dillard", 2279, "Det", "WR"),
("Rob Housler", 2280, "Ari", "TE"),
("Cameron Morrah", 2281, "Sea", "TE"),
("Matt Willis", 2282, "Den", "WR"),
("Stephen Williams", 2283, "Ari", "WR"),
("Tarvaris Jackson", 2284, "Sea", "QB"),
("Luke Stocker", 2285, "TB", "TE"),
("Max Komar", 2286, "Chi", "WR"),
("Andrew Hawkins", 2287, "Cin", "WR"),
("Tiquan Underwood", 2288, "TB", "WR"),
("Brett Swain", 2289, "SF", "WR"),
("Zach Potter", 2290, "Jac", "TE"),
("Andrew Quarless", 2291, "GB", "TE"),
("Justin Forsett", 2292, "Hou", "RB"),
("Roberto Wallace", 2293, "Mia", "WR"),
("Matthew Mulligan", 2294, "StL", "TE"),
("Tyrell Sutton", 2295, "Sea", "RB"),
("Mardy Gilyard", 2296, "Phi", "WR"),
("Naufahu Tahi", 2297, "Jac", "RB"),
("Ryan Taylor", 2298, "GB", "TE"),
("Chris Gronkowski", 2299, "Den", "RB"),
("Dimitri Nance", 2300, "Atl", "RB"),
("Ovie Mughelli", 2301, "StL", "RB"),
("Tashard Choice", 2302, "Buf", "RB"),
("Tom Crabtree", 2303, "GB", "TE"),
("Jordan Cameron", 2304, "Cle", "TE"),
("Brandon Myers", 2305, "Oak", "TE"),
("Mike Caussin", 2306, "Buf", "TE"),
("Austin Pettis", 2307, "StL", "WR"),
("Duke Calhoun", 2308, "Oak", "WR"),
("Ronnie Brown", 2309, "SD", "RB"),
("Mike Cox", 2310, "Atl", "RB"),
("Mewelde Moore", 2311, "Ind", "RB"),
("Jake O'Connell", 2312, "KC", "TE"),
("Darius Reynaud", 2313, "Ten", "RB"),
("Will Heller", 2314, "Det", "TE"),
("Quinn Johnson", 2315, "Ten", "RB"),
("David Thomas", 2316, "NO", "TE"),
("Jeremiah Johnson", 2317, "Den", "RB"),
("Moran Norris", 2318, "Hou", "RB"),
("Lawrence Vickers", 2319, "Dal", "RB"),
("Alfonso Smith", 2320, "Ari", "RB"),
("Deon Butler", 2321, "Sea", "WR"),
("Jed Collins", 2322, "NO", "RB"),
("Jalen Parmele", 2323, "Jac", "RB"),
("Patrick Turner", 2324, "NYJ", "WR"),
("Mossis Madu", 2325, "TB", "RB"),
("D.J. Ware", 2326, "NYG", "RB"),
("Brian Leonard", 2327, "Cin", "RB"),
("Leon Washington", 2328, "Sea", "RB"),
("Virgil Green", 2329, "Den", "TE"),
("D.J. Williams", 2330, "GB", "TE"),
("David Teggart", 2331, "Chi", "K"),
("Brandon Coutu", 2332, "Jac", "K"),
("Danny Hrapmann", 2333, "Pit", "K"),
("Thomas Weber", 2334, "Cin", "K"),
("Erik Folk", 2335, "Atl", "K"),
("Garrett Lindholm", 2336, "StL", "K"),
("Blair Walsh", 2337, "Min", "K"),
("Kai Forbath", 2338, "TB", "K"),
("Randy Bullock", 2339, "Hou", "K"),
("Justin Medlock", 2340, "Car", "K"),
("Greg Zuerlein", 2341, "StL", "K"),
("Chris Koepplin", 2342, "NE", "K"),
("Jeff Wolfert", 2343, "Cle", "K"),
("John Potter", 2344, "Buf", "K"),
("Ricky Schmitt", 2345, "Ari", "K"),
("Matt Szymanski", 2346, "KC", "K"),
("Derek Dimke", 2347, "Det", "K"),
("Eddy Carmona", 2348, "Oak", "K"),
("Carson Wiggs", 2349, "Sea", "K"),
("Jake Rogers", 2350, "Dal", "K"),
("Sam Swank", 2351, "Jac", "K"),
("Giorgio Tavecchio", 2352, "SF", "K"),
("Grant Ressel", 2353, "Pit", "K"),
("Justin Tucker", 2354, "Bal", "K"),
("Ramses Barden", 2355, "NYG", "WR"),
("Vince Young", 2356, "Buf", "QB"),
("Lee Smith", 2357, "Buf", "TE"),
("Chad Hall", 2358, "Phi", "WR"),
("Brody Eldridge", 2359, "StL", "TE"),
("Le'Ron McClain", 2360, "SD", "RB"),
("Steve Slaton", 2361, "Mia", "RB"),
("David Ausberry", 2362, "Oak", "TE"),
("Darrel Young", 2363, "Was", "RB"),
("Kregg Lumpkin", 2364, "Sea", "RB"),
("Richard Gordon", 2365, "Oak", "TE"),
("Brandon Saine", 2366, "GB", "RB"),
("Justin Snow", 2367, "Ind", "TE"),
("Deji Karim", 2368, "Ind", "RB"),
("Jamie Harper", 2369, "Ten", "RB"),
("Kevin Ogletree", 2370, "Dal", "WR"),
("Anthony Dixon", 2371, "SF", "RB"),
("Niles Paul", 2372, "Was", "WR"),
("Terrence Austin", 2373, "Was", "WR"),
("Cecil Shorts", 2374, "Jac", "WR"),
("Jesse Holley", 2375, "NE", "WR"),
("Bruce Miller", 2376, "SF", "RB"),
("LaQuan Williams", 2377, "Bal", "WR"),
("Ruvell Martin", 2378, "Buf", "WR"),
("Terrance Copper", 2379, "KC", "WR"),
("Josh Baker", 2380, "NYJ", "RB"),
("Brandon Tate", 2381, "Cin", "WR"),
("David Garrard", 2382, "Mia", "QB"),
("Henry Hynoski", 2383, "NYG", "RB"),
("Kealoha Pilares", 2384, "Car", "WR"),
("Jacob Hester", 2385, "SD", "RB"),
("Blair White", 2386, "Ind", "WR"),
("DuJuan Harris", 2387, "Jac", "RB"),
("Richard Goodman", 2388, "SD", "WR"),
("Lex Hilliard", 2389, "Min", "RB"),
("Anthony Sherman", 2390, "Ari", "RB"),
("Shaun Hill", 2391, "Det", "QB"),
("Greg Jones", 2392, "Jac", "RB"),
("Sammie Stroughter", 2393, "TB", "WR"),
("Manase Tonga", 2394, "Oak", "RB"),
("Spencer Larsen", 2395, "NE", "RB"),
("John Conner", 2396, "NYJ", "RB"),
("Caleb Hanie", 2397, "Den", "QB"),
("Julian Edelman", 2398, "NE", "WR"),
("Clyde Gates", 2399, "Mia", "WR"),
("Tyler Clutts", 2400, "Chi", "RB"),
("Eric Weems", 2401, "Chi", "WR"),
("Michael Robinson", 2402, "Sea", "RB"),
("Johnny White", 2403, "Buf", "RB"),
("Armanti Edwards", 2404, "Car", "WR"),
("Owen Marecic", 2405, "Cle", "RB"),
("Micheal Spurlock", 2406, "SD", "WR"),
("Josh Vaughan", 2407, "Car", "RB"),
("Dominique Curry", 2408, "Det", "WR"),
("Dwayne Harris", 2409, "Dal", "WR"),
("Julius Pruitt", 2410, "Mia", "WR"),
("Jerrel Jernigan", 2411, "NYG", "WR"),
("Maurice Stovall", 2412, "Det", "WR"),
("Tony Fiammetta", 2413, "NE", "RB"),
("Jerome Felton", 2414, "Min", "RB"),
("Marc Mariani", 2415, "Ten", "WR"),
("Curtis Painter", 2416, "Bal", "QB"),
("Troy Smith", 2417, "Pit", "QB"),
("Brandon Banks", 2418, "Was", "WR"),
("Brock Bolen", 2419, "Jac", "RB"),
("Vonta Leach", 2420, "Bal", "RB"),
("Owen Schmitt", 2421, "Oak", "RB"),
("Stefan Logan", 2428, "Det", "WR"),
("Blaine Gabbert", 2433, "Jac", "QB"),
("T.J. Yates", 2444, "Hou", "QB"),
("Russell Wilson", 2448, "Sea", "QB"),
("Ryan Tannehill", 2469, "Mia", "QB");

insert into users (fb_id, fb_name, fb_email) values
(1192743350, "Dan Bock", "danbock@gmail.com"),
(1015240802, "Sam Thompson", "samlyonthompson@gmail.com"),
(7209397, "Josh Beacham", "joshbeacham@gmail.com"),
(1301691325, "Sean Hanley", "hanleysm@yahoo.com");

insert into leagues (
   league_name, user_id, dollar_limit, roster_size, password
) values
('BAM Leauge', 1, 200, 15, 'panera'),
('Dan\'s secret other league', 2, 200, 15, 'starbucks');

insert into fantasy_teams (fantasy_team_name, user_id, league_id) values
("The Lightweights", 1, 1),
("Sam's Fantasy Team", 2, 1),
("Dan's other team", 1, 2),
("Justeen Bieber", 3, 2),
("The Whizzinators", 4, 1);

insert into bids (user_id, league_id, player_id, amount) values
(1, 1, 1, 12),
(1, 1, 2, 1),
(2, 1, 3, 8),
(1, 2, 1, 112),
(2, 2, 1, 122),
(2, 1, 2, 2),
(3, 1, 3, 130);

select sleep(1);

insert into bids (user_id, league_id, player_id, amount) values
(2, 1, 1, 12);

insert into player_times (league_id, player_id, auction_end) values
(1, 1, now()),
(1, 2, now() + interval 1 day),
(1, 3, now() + interval 2 day),
(1, 4, now() + interval 3 day);
*/
